{
  "name": "Evolution Reduction",
  "version": "2.0.0",
  "title": "Evolution Reduction via Destruction 2.0",
  "author": "TehRoach, De7ilx(0.15 port, 0.16 port, 0.17 port, 0.18 port, 1.0.0 port, 1.1.0 port), Kobol(mod settings menu addition, 2.0.0)",
  "contact": "",
  "homepage": "",
  "factorio_version": "2.0",
  "dependencies": ["base >= 2.0"],
  "description": "Have you ever wondered how distroying alien spawners ended up helping the aliens evolve?\n Or have you ever wanted a way to reduce the alien evolution factor?\n\n Or do you sometimes want to be left in peace to build your factories, but find peaceful mode a little too easy?\n\n This MOD solves these problems :)\n\n Destroying alien bases will reduce alien evolution\n This MOD is designed to introduce a new difficulty level between Peaceful and Normal"
}